,0,1,2,3,4,5,6,7,8,9,10,11,12,13,14,15,16,17,18,19,20,21,22,23,24,25,26,27,28,29,30,31,32,33,34,35,36,37,38,39,40,41,42,43,44,45,46,47,48,49
0,0.16548335756201843,-0.10565146185619559,-0.1478113459321057,0.023276145108949608,0.00033566659048942367,0.07092832014871832,-0.0005983361888894689,0.10168110279624476,-0.04730340537526373,-0.044601540877588094,-0.10668090693544821,-0.06827931760059983,-0.02296896375390005,-0.12300538100849431,0.09095601796216458,-0.02585893122613723,-0.10691735260955103,-0.057647493329542415,0.10393330120007713,-0.07203449709744966,-0.20698702420658976,0.06469732234402341,0.058102040195968256,-0.13245351033611838,-0.1241109810554696,0.06389541645962347,-0.048611247114997536,0.11196101022083142,0.054859627318898256,0.023218915431025697,0.03640275039636619,0.023138466341753205,-0.07532116019656136,0.06032113494461388,0.03525555858634311,0.08028040803155777,0.039896248825311,-0.1945384615464026,-0.11318520545164713,-0.3912565825882779,0.3638109316190264,-0.5208341600449966,0.016668656659783065,0.069726098372287,0.14448473242817036,0.06624140435903389,0.23518338905454664,0.15681534552462292,0.06362051248826192,0.00506629115938475
1,0.010927772810806247,-0.24877760223390571,-0.18780440495664513,0.26027941323919923,-0.06049948583630565,-0.028086793337201304,0.15522105447151213,-0.05359024251893175,-0.03193810853877249,-0.20141080071256595,-0.009380094462498132,-0.04560941810702814,0.04236028349422499,-0.07293561613656437,-0.04830893971483152,0.31036614590166633,0.04528512424920975,-0.1598993850963869,-0.12675807503746273,-0.17127794057070572,0.29291114181593775,-0.13606558657116852,-0.05149797782476686,0.0010932293640100294,-0.25152110530386695,-0.07406804307994294,-0.05328572079591059,0.11186383301681624,-0.07725308875460887,0.04198872289358554,0.03844859998552323,-0.0856106761776484,0.009115593972844107,0.16612235566925806,0.09504240469181449,0.27453083728704414,-0.08680852013621237,0.10911658433020509,0.016907595586310692,-0.11081590755761064,-0.20316657774749203,-0.08555786430839217,-0.02726444594706889,-0.11388554059679828,0.07539767319484877,-0.11000244304762925,-0.32256285881192176,0.19519477555071738,-0.08311331282529309,-0.012826210535701587
2,0.14927068999921356,-0.1664589423617237,0.07741810110711142,-0.11690160204346763,-0.0063890837779693056,-0.017262862113474622,-0.0555793107853666,-0.2171056705239584,-0.15657152646324624,-0.14644451355714186,0.11708574518231225,-0.09328151895498824,0.09545182265384197,0.18190260655659551,0.03069146405129879,0.04834626114140481,0.2314017546698768,-0.010441539531566168,-0.16405736529671616,0.020895239310820494,0.06488468601203322,-0.10958173526629764,0.05530345704470109,0.1113078628178978,0.1312849325505994,0.35496627928485347,0.04139958382406675,-0.04938298744202241,0.16106261641973235,0.10464808352723302,0.0525266277799627,0.2311280921300004,-0.17112697406501315,-0.3843675353413405,0.08823663722903104,-0.1409509064183296,-0.019064259114357218,-0.04292370730587016,0.0905875910247869,-0.05941470789458089,0.011132461909703767,-0.0919393227983554,-0.051032901910112644,0.021931542081125327,-0.12564448318048882,0.1995588383500053,-0.11990839195749907,0.3200713509825663,-0.06906930725905454,0.07292789474319421
3,0.1808150950186527,-0.049501902041311226,-0.04290412570259615,0.1327102340354906,0.0031783209315115607,0.1209086884173196,0.19018411964302645,0.05790929002890071,0.023078745064768466,0.05520760892007362,-0.06903943805037888,-0.07312676484366434,-0.009040201498009286,0.08423819769920508,-0.1958726697015457,-0.15693918162815187,-0.06958611672608009,0.00684039333794664,0.10509791161087505,0.14472719844908175,0.08673764319204906,-0.12781044473859976,0.07029206643296464,-0.11942984588613668,0.06722466919112129,0.04803612884087801,-0.0337719711647013,-0.08753990038523905,0.04912241445319197,-0.13652557361255732,0.046967927375414296,0.2809885162044046,0.33070403339581234,-0.11173375879041654,-0.019419048152809974,0.02369860193215884,0.16926203542133955,0.05001044434242106,-0.14314747671182054,-0.06593932535737211,-0.315560571942981,0.021638958846914583,-0.29186594611131833,-0.1976763026231639,0.14175206475288452,0.04672979852206621,0.22808826131221793,0.12859243498787287,0.017475341977112892,-0.3396545984483173
4,0.15514958680647778,-0.07299541913714659,-0.15482536087554702,-0.12653765236959852,0.12582984806803546,-0.11649234360074015,-0.24100091485180253,-0.09517750106051083,-0.3324604070795923,0.09213739858858908,-0.009973854199130931,-0.035580017469538934,0.009476792130367416,-0.07303938135081499,0.13071605643158776,0.011745588086124541,0.03280581014216702,-0.1546291198720192,0.2677485981632126,-0.07633427912720767,0.09085126654456825,0.03564064517507297,-0.05363951747945113,0.14668602905180678,0.010398109376388671,-0.20146849030549832,-0.08287530061115454,-0.04629529064751276,0.18663991395679388,0.19563420403022783,-0.2383072327185001,0.005945877803292668,-0.09723838022943714,0.020085099710805993,-0.06874714123706245,-0.012399339746561934,-0.1456584701114789,-0.07267918032460674,-0.11064923655255685,0.22138556673534537,0.005414918454581016,-0.05029401654126272,-0.07971822578062242,-0.4596723921871465,-0.05895675731356112,-0.09158516027207204,0.1191758532021419,-0.026420768684445543,-0.06841441006792191,-0.14431620303615184
5,-0.1349040649083356,-0.12656923256483796,0.15824124679289908,0.1573210263516139,0.15174332681051003,-0.19355335925726203,0.03608204971255982,0.24306590840676406,0.052769153928501435,0.12482273018040205,-0.26025077261729856,0.1352282912659865,0.24530859779312628,0.024734008360085522,0.33731927258748,0.2088523168687917,-0.05132314309903446,-0.02316896975152362,0.16072031597615838,-0.04159236323644365,-0.09874899204955767,-0.23123179238855104,0.3781179587498483,-0.14764406371077515,0.08571869652936231,0.1580872347635629,0.14295518440600155,0.07886165011728487,0.08763697638162557,0.002293917033384059,0.06937256752257025,0.02966670843233495,-0.09069406581639003,0.011112693729047022,-0.06820786522694643,-0.17150508202845177,-0.21930061298477171,0.010526649057075519,-0.021565663905067523,-0.025482063202818872,-0.15644240729273448,0.002103664511543346,-0.021952014971029835,-0.006511223550238596,-0.05311513479266635,-0.10406945190997935,-0.035599181995776066,-0.04023007957632394,0.049824331731199316,-0.07545088289944168
6,0.167612554128471,-0.09690726167547885,-0.11735680747696374,-0.06904658261760152,-0.04687175535583737,0.0061812006022072775,0.10243794940298931,0.09776339363513875,0.13474920081657948,-0.24048071819818687,-0.11617734861163746,0.10803479478557,-0.012963494022633444,-0.02213303142520069,-0.19671376966379475,-0.19802643214703264,-0.2532178661534409,0.02708532627659889,0.030381055644193185,-0.0370855877445776,-0.1924667423370516,0.13805198543702166,-0.022646488796946355,-0.049866268901206275,0.09231602880212933,0.1026713293397936,0.23809448718611406,-0.12340063637223526,-0.16368080847784192,0.135236567448901,0.07487702823568548,-0.0622817318911219,-0.1352908354397712,-0.15299146365360847,0.1809504809287732,0.11233587696928815,-0.25130505762363675,-0.26307538375457135,0.22507881425573154,0.27910129486729646,-0.14899277916788703,-0.054996874963983956,0.0006462220262698704,-0.08392767201854229,0.017280054173457543,-0.28562113760100266,-0.006442644442055831,0.08692592668469777,-0.0206109645423942,-0.0015714461303253716
7,0.18133883644010326,0.04264090681531457,0.013900179155684499,-0.08120316837099804,0.014885202081600895,-0.08183293307962455,0.0778094967194537,0.05906258963320069,0.12574263984490594,-0.03748582443239071,0.020973337581731255,0.056397644150266164,-0.19238409955504415,0.5666836302569704,-0.19564318286476484,0.03950362836948031,0.03136873386355743,0.12722733446444925,-0.007644729363064936,-0.0001599142512056931,0.05524008358285918,-0.052413404644497674,0.22479585827012874,0.019961898996094633,-0.3463124161061143,0.14503403301635823,-0.15005022574825272,0.176592783395064,-0.007387120681964798,0.1099970394349687,-0.14408858668573074,0.10335052816642172,-0.004479287756541395,0.21474681471486795,-0.13163077083083655,0.06408234921953414,-0.08343315875189795,-0.09758758616460475,-0.04494745365135914,0.08861577813073221,0.006347984339196042,-0.07981311173995456,0.13059044798122188,-0.02711365121663515,-0.26215276388343617,-0.02919676847696443,0.10101458291045308,-0.114434160557276,-0.00044530372336580554,0.0028961904929121185
8,0.061437468297073805,0.17485660753621052,-0.04264204129142362,0.3846642466996623,0.4640376979756561,-0.06350424342864662,0.14020200086775725,-0.15372006497523796,-0.0744437610911757,0.2683223822988447,-0.07800978943133123,0.31000473745413865,-0.036993947776744786,-0.14290282613437205,-0.21348345186705103,-0.07097634246121601,0.09221376674830656,0.057486642189151664,-0.008684825840091767,-0.14817503034551638,0.008538684346373145,0.03431446956083894,-0.19093594339022527,-0.008857340260066774,-0.23707040535283552,0.16903194107017408,0.004782258762048955,0.057388132213354266,0.02711177493114475,0.06446774049180676,-0.029363904833207236,-0.0779089807734256,-0.06711317421834818,-0.3272862395488596,-0.09563323194651693,-0.024698666912484176,0.022696373016263427,0.007812282436490599,0.014475805144921708,0.011524850814565656,0.01430966750334056,-0.031031897777519274,0.04355191402205744,0.05454325253707312,-0.012979555247961913,-0.01468221777878505,0.021261491734378444,-0.011027939047328272,0.004809349757525663,0.015238206362383638
9,0.1815017635350439,0.07207094182654376,-0.02833934295297418,0.041257629601560944,0.10189434966654153,0.0067840067637377115,0.12445310735053805,0.09626072238034163,0.23810801376850188,-0.012918146947269584,-0.08760722820315801,0.013782341447615082,0.0951105628078882,-0.0484018898080969,0.09560264081691026,0.017117544372837173,0.05832608662373389,0.0626243851675879,0.004172713668228505,0.016545405732721143,0.038180703690909326,-0.06800891776732766,0.08566154196613437,-0.0221276885159965,0.0078369269831593,-0.06366239845602986,-0.03557178485110576,0.040790109541638225,-0.04943319529023176,-0.22302928413734815,0.03971748067246145,0.1269308306614164,-0.044197648125306424,-0.06945340516552716,0.04316221726506216,0.2901583713037792,-0.12312594546658535,-0.02014139931869291,0.11542704984047007,0.24656887372907788,0.4779803800658224,0.14476474291330377,-0.14381115445313375,-0.2746400445897386,0.06315565530455126,0.40826693905925315,-0.19009561876118158,-0.07153673708882358,-0.013929180048977377,-0.003911707298892356
10,0.17722829689938274,-0.0649611999932284,-0.0983830338298829,0.030373732566545446,-0.1170074561487837,-0.08183387411949426,-0.0011611464845181234,-0.11199446835200541,0.11509117154343476,0.07173143667192643,0.0022256588846576732,-0.03197930997142468,-0.17624660574922413,-0.054743256639310886,-0.03240153518419971,0.07387786676374913,0.045894978489499985,-0.1453942132060794,-0.07222085854164943,0.13960640225841028,0.11874719668367062,-0.054357853418698115,-0.05618474301465416,0.17626389623019548,0.009435738501067529,0.2606523977464213,0.07197570997162489,-0.21917292767875782,0.14950573842060047,0.01235216729551776,0.4644361484626249,-0.24667404226417902,0.052518883070623384,0.08023883438159159,-0.0540628720945446,-0.0923305216241361,-0.2808339658191409,-0.008663165175364895,-0.2063373081085048,-0.003012225397677748,0.1416641109338037,0.06369384399736246,0.18963880713435702,0.025262287010646596,0.08957082676525438,0.03356693176885204,0.06996464263933506,-0.2119073526557829,0.021876390793169283,-0.2810549207240087
11,0.17786689209461923,0.0741768791022592,0.05132630427494119,0.09444091584734997,0.05838034749855262,-0.10817688083602015,-0.11328481767042994,0.05724066008490636,0.08787760522582944,0.00301140069865447,0.12373049264409153,0.016644724269874255,-0.1422970963767257,-0.05825152905181553,-0.1443784770752179,0.21816995538245992,-0.06374949364338738,-0.3261001464783494,0.18580398049501012,-0.004052986855857704,-0.06539419701672237,-0.06590899782148567,0.11426317707608352,0.13293763080457663,-0.007753505520035222,0.08736848422917873,0.32985462026621726,-0.34782284975409766,-0.06755214664915712,-0.18101986542324242,-0.20242212361908976,-0.0673424884326654,-0.15633740260235285,0.13146715298180459,0.0326369759563801,0.11123685530509846,0.2522989800350783,0.04747102049473621,-0.03218827353396662,-0.0007403449772653947,-0.003282532390878302,-0.052566129825699116,-0.25794711536506815,0.18074312773097373,-0.22473621000744154,0.07895893143798138,0.005373868199353896,-0.005524951636936579,-0.1286156338287151,0.05139627589669418
12,0.08247913665480933,0.15764064391269164,-0.27345123114226244,0.07148214169520715,-0.1778060745210232,-0.07596895020096574,0.17603035368869027,-0.205748971828665,-0.10690655982213572,0.2035711415432525,0.023414146438766503,-0.009703094255120122,0.0014790952581419567,0.18618268277646655,0.14829348802076592,-0.08882195035829786,-0.09457743124185844,-0.2145653721027748,0.12279318743951718,0.20434466081747277,-0.2241706182896096,-0.04650349950537829,0.04185348246756254,0.08355869873790124,-0.0014374400299383802,-0.041267299469913504,0.006749544546965274,0.2044723500252218,-0.24724928053251904,0.24329788678547928,-0.050142354844873165,-0.03268677671077443,0.0969487595656973,-0.022057806223409398,-0.02472311154599719,-0.15550398352970354,-0.02653629526815595,-0.16569826413963606,-0.03613559450711166,-0.03783843528099163,0.044514671041833,0.08440941528899094,-0.25614824758020505,0.18159200733835837,0.09289479975784429,0.052055245986077976,-0.3605774297748934,-0.015648333614522687,-0.03985976040814617,-0.052938414883226155
13,0.13362086570896164,-0.07237419658483593,0.2151932437247199,0.22728060933595726,-0.03287813572279647,-0.06826684011356347,-0.22654109345216167,0.07139917827986023,0.06291048922775246,0.25403576676212775,0.3579422757033407,-0.04279120177355272,-0.23895844907754554,-0.05547563289889784,0.082553920822368,-0.21268466174585324,-0.23985338026724595,0.016409527835910348,-0.02391657208410597,0.10624125020644878,0.09317319904571772,-0.016967696943393694,0.1981780333489448,-0.011367233817108588,-0.034513047869621734,-0.14253115129930966,-0.16259290082200506,0.19152416453877089,0.12100497086852655,-0.11017499367281892,0.04792173615788371,-0.02584754401183345,-0.10052814026310451,-0.19045141881083688,0.4024252311534768,0.09433733546138327,-0.09111136462977099,-0.04861428531432634,-0.06312956516561494,-0.04568323521690738,-0.06435049646489391,0.00450914992125212,0.06441759231120621,0.02053662817978795,-0.062221737404583276,-0.09707994550883746,-0.11101153532862006,0.014097208304742332,-0.07145885954166976,-0.009505550753291512
14,-0.09860039893911521,0.014620974785714162,-0.2129749718113476,-0.13821798673989086,0.12812629638016315,-0.48250168570908114,0.22742529622997326,0.4347394141512954,-0.0003996655020919683,0.011948016939499886,0.31870908306595114,-0.332165684216139,0.06066843853605965,-0.13144529558783505,-0.11188140473493155,-0.10749459492434327,0.1706557460062962,0.00675334446374331,-0.13643321559164498,0.14436175505659143,-0.1649200461320068,-0.011346076060803989,-0.11656834239122855,-0.05507709718828254,-0.132793569241336,-0.0005040784209983442,0.04000182306343011,0.017911919863327987,0.11596564159548577,-0.03380754970804425,-0.054490846222022056,-0.029003146480584857,-0.04645813398702028,-0.028839411929785393,-0.058620514247179,-0.07578195896607261,-0.055739949969238305,0.03397770791035448,0.026451095627683694,-0.02317942436986676,-0.039678213503186066,-0.00560417042286908,-0.023530240789590373,-0.02018777545798305,-0.02333912977098469,0.009639404707513122,-0.02949587424184703,0.04171320348331805,-0.0006190750946403785,-0.06753846806121754
15,0.1820828981252067,-0.005217667623132667,0.07805226523407939,-0.12815172097569721,0.035363298959424964,0.008350970210956944,0.11251952535286028,-0.025941290628746883,-0.12369281819385025,0.0471103077598349,0.24202162780951508,0.013886361443068164,-0.12406082458421114,-0.009899859438748002,0.08359339340643064,0.10325255801426231,0.07098269067567871,0.08451572026695513,0.23949094673614768,-0.13969449105540835,-0.01359539851177951,-0.07762895070427234,0.02092443342424957,0.1101160976400245,-0.0767641275002745,0.16215200525878534,0.19368162322874405,0.04477272907355024,-0.2240879060290871,-0.3163560306923976,-0.1151677869885613,0.01963067390720715,0.13941714233141264,0.050108097329177884,0.11711234645166621,-0.24712878172483133,0.0983319383144213,-0.030759445463485014,0.10656181312881818,0.0308479763308259,-0.01042862662631112,-0.03839486748914649,0.31540236780247305,-0.2059895391750884,0.3351489948844132,-0.0934187090500371,-0.1407936389090632,0.03210392454116997,0.266999681187957,0.02010552143661256
16,0.04062971395807435,-0.28995214529994556,0.04473702544212089,0.08090434458913423,-0.03504899531515232,-0.06430627811131624,0.09924588936177192,0.005176410632935288,0.23498879435543546,0.11748474839959307,-0.018063756583483352,-0.09523417173578883,0.19823587212476995,0.2581959866781321,-0.06372203656244181,0.06037498505459793,-0.12000059058269288,0.012205703325786419,0.39088324935144403,0.12109519983427874,0.20193624686133788,0.05884206965980852,-0.5102272010807942,-0.014893073847526642,0.19759151992342514,0.04143705030889316,0.08718239057867762,0.22480465754266266,0.157028943343819,-0.08874288312371237,-0.12021180006978074,-0.08882385773782535,-0.047754277569804916,-0.003490341249083147,0.0122473792580284,-0.037741370648463606,0.019370069936817388,-0.010117429647402055,0.05150217084710829,-0.044505743113265224,0.07422217219832207,-0.0007794263118628348,0.06931734087271858,0.07223360397405645,-0.009221653842293948,0.007442935765181267,0.04399253856356506,-0.028708831092495883,-0.13727959184314212,0.10760682980202185
17,0.15018755295513786,-0.13925466106696902,0.11919843857624343,-0.0779849027411554,-0.016948946377996273,0.16994996311769658,0.108666196275672,0.21374274109096475,-0.1938121006225247,-0.016364345196221132,0.06565058215998289,0.1172993791578486,-0.025770619227840297,0.09539272857211495,-0.10066018385682711,-0.1549657770570716,0.04112526216224571,-0.14842930305753174,-0.0860802110487114,-0.3272560439437611,-0.22837785391983817,-0.2645342281018956,-0.03694139789616424,0.10636397029053683,0.14814894186636876,-0.07010905939868917,0.010178206371115292,0.3332912711799522,-0.01991581619187263,-0.039249141046892706,0.22144071569084647,-0.3917454604416575,-0.05703947887257724,0.03002949789813658,-0.07772857285293375,-0.041814223295352206,0.13505468009919094,0.07867176642959023,-0.048030007649996924,0.020118169362292024,0.014299382687548413,0.1548750576943277,-0.09158216787610604,-0.10934865345240939,-0.1136324698882783,0.09897972953870081,0.11680210291847616,0.06364742126632246,-0.10713091420775671,0.015996654503832492
18,0.16095897943865975,-0.07990617284435216,0.1696361341650279,0.034745434094134914,0.1518723710047278,-0.0018644390555733316,0.03756177292922986,0.11041135486039519,-0.1063991809951879,0.126342238659496,-0.10814437917820476,-0.2063363962373099,-0.041406205564242946,-0.044710085950838724,0.16108497647547992,0.007723439353516824,-0.08685265643646352,-0.16148900022373158,-0.04466882066653646,0.048186292028277844,-0.0029849690593469454,-0.10606961885683666,-0.21193937393095755,0.01565752568694896,-0.21313357690493143,-0.10855544516533312,0.010841560874660231,-0.13854648787832138,-0.1741589385441019,0.087944657127724,0.3603194087474428,0.35348683318621477,0.2293483962807222,0.0747430061929996,-0.03176930275860656,-0.09957668077506879,0.06426955655835861,-0.09801273244629219,0.10326740400068288,0.07377760706885106,0.09447418776240289,0.07495972650484864,0.06252942417586625,-0.011138909396633595,-0.1900933054298941,-0.1722598173130347,0.05826987669174228,0.02663148206883607,-0.16440453172401978,0.33401758008375376
19,0.11867004272821916,0.01817976980191995,0.2913854231662196,-0.06729169785793199,-0.1465859791926629,-0.17587528664816682,-0.16775779070241498,0.10206695719927819,-0.05030841970654404,-0.19173665700843023,-0.1679446269702634,0.08143144270600884,0.004176131771330735,-0.06456665040512716,-0.08648133527149672,-0.05556458725577338,-0.020426635425973397,-0.26380273979956925,-0.007037940445833695,0.14388140802860472,0.14525879105264464,0.14228728848505315,-0.02586363056517193,0.05581894807653693,-0.12437345548238969,-0.08542791624013889,-0.08430552476583268,0.1807247891979899,-0.1937838689420239,-0.27712357847586855,-0.039397134916908605,0.0550508480257863,-0.10837246172389514,-0.23955705504264552,-0.4631404511082153,-0.028421431186588467,-0.09032936897741271,-0.0024576881284503575,-0.04149735467785792,-0.004602278349233932,0.050994295679727075,0.02689466644695093,0.025525950220746083,0.12734893739640862,0.11009299217898476,-0.12325789030049944,-0.0665663687209138,0.16189360856015447,0.025965366796910208,-0.16050790995454253
20,0.15442982999212368,0.04174193693376836,-0.05138214527744631,0.21849072310975293,-0.24466529975966825,-0.0807029604075491,-0.42575056605830797,0.16583480354633376,0.1834768410395804,0.1461438099856586,-0.05595801026361402,-0.03406057565936674,0.1868394743853406,0.11249029418799333,0.04601276047871562,-0.0871930640830006,-0.13030969726550698,0.12331670968113748,-0.363425805350136,-0.21540483968830668,0.00029921186377407323,-0.08096096279903173,-0.1870849224908134,0.04835298754511011,-0.11540446735586478,0.15088102857301414,0.09077398923139757,-0.09548911539005489,-0.09143134350956844,0.08133069457965847,-0.2155090609604149,-0.06046897297236632,0.09934960260259179,0.036767181722308945,-0.02365187363300564,-0.22032331952262307,-0.006846501609784392,0.10151383169107134,0.0438654027178132,-0.05337829087647607,0.08550039963353998,0.005175863622711683,-0.1599764310007584,-0.17663895622430664,0.09698402484668277,-0.0169594970537495,0.015945304910450736,0.04630276769831098,0.08597125051235652,0.012561139715616745
21,0.18625024091081,-0.03382024710443409,-0.015508670632970187,-0.13807095322074742,0.06149201668092905,0.030715383743669902,0.1336320514066904,0.0638415764956606,0.007405910665368313,-0.08499835946680769,-0.029388828980449904,0.07684971348683835,0.060062810216634704,0.04777910449498906,-0.0037543460101335437,0.05060570169899148,-0.01585804464226383,0.15100614967318288,-0.062115062033681744,-0.020213413390121733,-0.024738307014024245,0.15429181735172182,0.0026961604144320373,-0.13122651300297491,0.05305182017159548,0.005828590919061677,0.08502010769932455,-0.07341919563753031,-2.39672701744118e-07,0.07301773854122637,-0.03895655264964853,0.09491041327824737,-0.11686308493104142,-0.10056685363066534,0.09757297840977773,-0.029162658997226965,0.1705895922548808,0.21521408929510066,-0.5648166526280393,-0.15927823455207682,0.248394567444161,0.21296880279772368,-0.006448431306151109,-0.08359633473651053,-0.03921215128644397,-0.385493783372166,-0.2551602638661714,-0.07006974275847891,-0.08482214066030046,0.003507996179459879
22,0.15348754795321998,-0.0010506867286402546,0.0624306738651879,-0.3021248806417544,-0.021343097941390433,-0.29445642320954674,-0.0008139211298479035,-0.3273956232701728,0.19999415213675786,0.22397837416249003,0.06410375123285908,-0.038995894216054705,0.16573101220476508,-0.09578324097521017,0.002318328482779448,-0.1623168804386922,0.11785657668035766,-0.10879484890350849,0.0003476398656404412,-0.30695712946254033,0.21733193864221892,0.13407380824972182,0.1493078274026842,-0.4046246296279158,0.026709562571442032,-0.034335884016726693,0.15432594847689268,0.08519738154489198,-0.1358947334487049,0.04222675235898129,0.09958175091076847,-0.1016782741736644,0.1913549666169265,0.047381366896869115,-0.009098078992101358,0.07605645415627493,0.00654913638019572,0.01242956466536061,-0.04043111205130443,0.014999543181666818,-0.0403963517969278,-0.052011456215985574,-0.040972229004003796,0.05299905393064969,-0.11476819915135242,0.03841064918169149,0.07039151736186973,0.08127773086501035,0.022821754204927,0.033802445448497836
23,0.1624169390590957,0.11832912575897646,0.09403692826687687,0.0055654572865367945,0.08786642135833658,-0.18401991852582658,-0.07567324245231846,0.010169285204900165,0.09080090293825097,-0.2577673663074802,0.006596774985258228,0.04639077689934022,-0.07337457098228083,-0.14172909950562962,0.1114839806201916,0.3308067541576917,0.05137942929589576,-0.1514629288949357,-0.14917318422801112,0.11279207801347083,-0.07803522648541504,0.0780064022335725,-0.18074449708224158,0.0033379655792901645,0.1387219347286681,0.16168038369263932,-0.07857729515869578,0.38289224792009907,-0.0856282623202846,0.16653634980638643,-0.034732404264406394,0.07066752344731538,0.10291677636356569,-0.04696148440981856,0.24597101095721008,0.06704614000162964,0.08643588531439371,-0.07791321067762844,-0.12416761218564648,0.05976815379024996,-0.16110384048891785,0.08287985235720453,-0.1286495683200606,-0.027923240990991215,0.055252564390686654,0.0503034353555045,0.2552533613507942,-0.2199671381405824,0.21941072294011407,0.08080022469961992
24,-0.0840948043154838,-0.23223494115071186,0.08404378168051975,-0.08126141991427024,-0.2777869887573403,-0.01856419014067586,0.28251047488978354,-0.060745268589124164,0.08771459716391689,0.18855816543356396,0.1668956312510132,0.38469941302316557,-0.13748040292330965,-0.32266197080082376,-0.0009052254333335947,-0.0158424042577676,-0.06362667696095507,-0.04528823923928882,-0.0937331338621604,-0.05270020277704491,-0.08617313438876759,0.1214223536128118,-0.06472540380284546,0.09642087369336305,0.041759107907691384,0.21793604694441215,-0.1623856970608421,0.03176238125907933,0.03219555795722586,-0.033408043781843394,-0.14559458594709704,0.30731660904816427,-0.03363480982120918,0.20433579923229153,-0.09464875583296165,-0.09934736559961259,-0.1537849130018507,0.08038828790318937,0.06866732933649795,-0.055345673479391636,0.03883199868421512,-0.014203702067123503,-0.16234341669940025,-0.11794283754233108,-0.10235227392586198,-0.01637930235497805,0.0422049112395494,-0.016507804413219123,-0.1355550926982877,0.03840172148079925
25,0.1004908392968932,0.2290165803058916,-0.06754377508611246,-0.13411333202673204,-0.05707914935984165,-0.1303946776029449,0.30371807832129044,-0.03588013022716187,-0.12529460835274533,0.07306436067887008,-0.13796775377504386,0.18389332583514234,-0.0962251637083693,0.1241250872347394,0.37153571633344984,-0.0662316968925501,-0.2591217591611341,-0.05021019519020141,-0.3282704103240047,0.1951948189284898,0.21146086015092075,-0.1820680375613055,-0.14147381270500928,-0.07562195605499136,0.08320569989464106,-0.06344908328184717,0.09358972019406331,-0.11260467511225553,0.057771048609980065,-0.14028535859824973,-0.11786004214761031,-0.12704761790541375,-0.18714753100572495,-0.016091480070308882,-0.0022181732848403695,0.11577575483256126,0.11325587180622998,0.030940292011159703,0.016037166079753355,-0.031622746085166256,-0.10943971614859463,-0.13725469478663946,0.15805485357055313,-0.09483949550558297,-0.04343111509542012,0.04308620061287684,0.11760321930135068,0.07399459349066874,0.023280966907197373,0.05875556279051909
26,0.18981046409961488,-0.005976879980934409,0.012976727035784275,0.07205509001276057,0.00643868096724979,0.010738893212401193,0.03667353338880192,0.023845064130712433,0.005728161635071981,-0.05221196563278405,0.020880920666688122,0.07241044173009266,0.20458189685400244,0.05373433288275168,0.062941357265453,0.02356429138384081,0.13442535414773094,-0.1700581129455876,-0.13706222184221095,0.09552405801799134,-0.05955368789842314,0.21148658721491898,0.21660350665160427,-0.10376848141352246,-0.0485652564219757,0.033720009489738925,-0.14170684487106375,-0.027798856447003525,0.12203269200919407,0.002840709304224514,-0.06875428511228236,-0.10168064298273394,0.05808830117472787,0.03695228853608201,0.07435942717123417,-0.14867971752825776,0.2152108858323641,0.08761149863007908,0.20751102060901247,0.17456235816291538,-0.0125644474548747,-0.08059738122916979,0.1439427075847913,0.027723982526507457,0.35195882409119866,-0.05779272082265404,0.0823851195554339,-0.15770468772392393,-0.5625443050032062,-0.016273964517528626
27,-0.16126097985198487,-0.13370870438701798,0.004546743609690884,0.19452377047882977,-0.05466174625843849,-0.1757970625218575,0.010647482946735972,-0.051143763392769916,-0.07652642463826403,0.04977675722883849,0.12977214789204133,0.004206662611939027,-0.07576298366893858,0.12758470492434784,-0.17445431333783848,0.09565101947846558,-0.04291947558577265,-0.041814590278568334,-0.012426554692709726,0.014836988494149094,0.04741630962224769,-0.002589844532949531,0.08408889789963313,-0.17328930276501206,0.09998220678858734,-0.1676116448843255,0.1023302871185043,-0.0681799787326921,-0.40410817771459534,0.23813524126794686,0.06328887443346924,0.16263410882653195,-0.37743482789682414,-0.018503331444423655,0.005455178088130835,-0.06162404199737042,0.05217338487249928,0.039640442041010845,0.04174109113449115,-0.14476025424462338,0.10526308093711943,0.2003241628559202,0.18557861879425797,-0.17572881180821315,0.1831866385469925,0.18411025656526253,0.2883344024391107,-0.013492055704450407,-0.03768717622835675,-0.07418015221921297
28,0.17740866778498002,-0.07079752809663166,0.04022497384917345,-0.025185777991061864,0.002925581887645329,-0.07941017075863178,0.1446402457084613,0.15911627544623785,0.24286376585286698,-0.03528962318597529,0.1030599095379849,0.24602877734038134,0.24226241553284608,-0.0518191979256214,0.033667302670326055,-0.049647610911578696,0.06695465004765293,-0.063897060444897,0.0829391690343056,-0.06320728777882789,0.04615690669529817,-0.1644642258470152,0.056522740676277015,0.367272672679519,0.09689546668510837,-0.2921786558533896,-0.18179864259641196,-0.21368445177454384,-0.04076715349011347,0.32842043894190337,-0.11837977532142724,0.03653930837353203,0.17555445779950832,-0.12632850483688923,0.05163065569802772,0.06017610315622035,0.052954410308726906,0.05963062113402476,0.01303203907265996,-0.06520430985123293,0.0401969332724733,-0.038230508484596866,0.24760557655841725,0.21142827247846982,-0.017860050857299324,0.02221441753789099,0.0586565188290678,0.08595799468469703,0.1886278564083094,-0.08458509188587558
29,-0.09232078800353358,-0.2577365010464763,0.027715938784785055,-0.1083966390938824,-0.032381223038453054,-0.034579344810627397,-0.09062067740321592,0.06340845470219299,-0.21239413194307807,0.13728849296244108,-0.2735268584999384,0.06081666858867914,0.034940445237931474,0.1279491898214871,-0.05604663979315635,-0.26784751138056634,0.09033492109058057,-0.3732042766856243,-0.01354667466718714,-0.0005591935539389605,-0.14330809689289722,0.03270115459335656,-0.09522008068308209,-0.10490658143955112,-0.1812701730992769,0.18807432149502928,-0.022221485602259828,-0.07880833101429945,0.0886377525114341,-0.022080902549052376,-0.1327091694759271,0.11101072572333572,-0.004193793045975718,0.057774672717593484,0.30267687514917974,0.2526436057332866,0.045919579057181976,0.1449477516960062,0.04307913102085088,-0.0017352196946872759,-0.002374116277386031,0.19348474462415052,0.15512191992895646,0.0961310070082925,0.056893211262021244,0.10232931912215987,-0.10052175445942572,-0.1366905322898147,0.24320921185858935,-0.06645009953826177
30,0.1503809080730293,-0.17394325568172025,-0.027181647625304107,-0.051259781238551606,0.06378770986976522,0.17847837064333483,0.042893609035006046,0.031468316063418815,-0.19183879099265302,0.06611062891575349,0.1503237935102534,0.04947640663954982,0.07082052983525731,0.00973469095452026,0.151543214978962,0.243895900398989,-0.024430400115949588,0.15696942943138756,-0.152270863137301,-0.03732689828254614,-0.005984407158961161,0.09840505689037018,-0.03742933465865806,-0.10926689740645391,-0.17260827993702274,-0.09288657278914111,0.1396859900177852,-0.061062674265744556,0.027717201711011386,-0.09979850731171379,-0.2234067352141399,-0.05719786896045956,0.10644801687559867,-0.0030992309951670496,0.00796524416042207,0.07071580342047763,-0.2542564641973173,-0.2853389800085589,-0.00724022649996019,-0.03270366001145582,0.020883183702024976,0.4077418128606114,-0.051740674293972035,0.32843612864380856,0.02147455354384123,0.0607449120488591,0.23429197403105523,0.14779259757559976,-0.05990426497771272,-0.16576826632499836
31,-0.09663079782787046,-0.23190209956564123,-0.06693132838084109,0.0323864409639462,0.28148575412711313,-0.11685810625735171,-0.03216757220522285,-0.26264115839774305,0.1290871199892559,-0.08541057751204592,-0.058647671553877616,-0.018933733231696406,-0.027145605308380404,0.04462743914437252,-0.03500849786437182,-0.1300216508386946,-0.21165620307942118,-0.027284321627248094,-0.2792424130017771,0.008186939547393286,-0.12432692976464413,0.09971408466149281,0.15167906111643817,0.3551541595779999,0.016450567285067164,-0.21318319387330129,0.4175854967705744,0.23571681661715146,0.20745187074183918,-0.07443411491505895,-0.026929734263767404,0.18248099308703797,0.11730601240852204,0.11334388571949794,-0.09271489425360638,-0.00895418024765361,0.06323802256589643,0.03869927123723096,-0.054959963055326674,0.010707187913854641,0.024537438118853477,-0.0005409685563181095,0.07507078495367545,-0.007139907760643005,0.10710803517644589,0.03745298178786406,0.005526287323685149,0.017432270175528623,0.004913840884174078,-0.003084257969800092
32,0.09439472694835145,-0.24925142686621332,-0.03983721331585047,-0.1303473744771507,0.13805809077031136,-0.0949054804166964,-0.09893605331865854,-0.033429638499014654,-0.08403149644313272,0.20481379561290886,-0.20927104509883931,0.05904358940229045,-0.07255512698892652,-0.042385393163330634,-0.16187511981867822,-0.040564598451946,0.3255965912306867,0.25065350042932294,-0.1305345404110833,0.2886528310407192,0.11166977872782342,-0.2602818579622051,0.07136615644113638,0.10865222842357902,0.18034400520656105,-0.071363178648506,-0.045801844542572204,0.025802106397395465,-0.22840463163656224,-0.08864174643757866,-0.05623774307977862,-0.09041517389366278,-0.06104234942002849,0.12411637213613433,0.10461784772415991,0.05206019624091404,-0.04823486506116046,-0.007336600698505479,0.09196777387251659,-0.03622327960118363,0.08646811385609594,-0.12106617535625441,-0.2553089832463921,0.1403099680039166,0.1487450495643712,-0.252081413279502,0.07429445619825302,-0.07930544937683304,-0.006420124903655184,0.11266333615893619
33,0.15108310448690648,-0.13289023236178812,-0.17161848772020288,0.06890079011599691,-0.08085456210505913,0.04335008725503229,-0.03687801709339377,0.10156512208760918,-0.03279408686573383,0.11846887125302036,-0.10711462269746604,1.7178328368813234e-05,-0.13431549524049619,-0.05164494591265316,-0.028690990807957097,0.08736269414604182,0.006171205977271733,0.08749352158496042,0.05577657108659258,0.14103951122273276,-0.12319576433308611,0.14941812906592367,0.05983409839383867,-0.0680596384448415,0.022117340475206932,-0.05427180520897923,-0.005349027019016295,0.010515951590322517,-0.08211754286707319,0.013901205213324875,-0.029584941215062888,-0.03669356923773488,0.03996386303131606,-0.021833029968973284,-0.03827805267876492,-0.0879109179130169,-0.17873449947964953,0.3902320822667747,-0.300530746999452,0.34843358902820054,-0.16133721277638033,-0.09303822634986177,0.14850057316053736,0.10939037503778301,0.02753502186135676,0.2935227979815313,0.033535623425702835,0.28110815329241445,0.04298410484247884,0.3398521537761333
34,0.015320498860029102,-0.2639062866297808,-0.1438995274894191,-0.06942911260002269,0.2683753915038703,-0.07348867054220436,0.003268245591676248,-0.2249498702749928,0.16582492391907092,-0.09430459575458212,0.006262503456151963,-0.1831829423452554,-0.10204427285190751,0.07271947870092588,0.042430143905466094,0.066098198839247,-0.27962818181410865,-0.09272295556670607,-0.09334354722079237,-0.2102099310750942,-0.19009891194323314,-0.14758227826277293,-0.02689125788705295,-0.13257415055528504,0.11143233689446862,0.006635057052912051,-0.4926854948233797,-0.20445951999329642,-0.12407903038176933,-0.22497463610041707,-0.11414104833805833,-0.07139306826243344,-0.037367500222977766,-0.13424678924029146,-0.11689003191466628,-0.14598109881086566,-0.010902305727334053,0.004306355091840398,-0.015434596141800318,0.028736381005755127,-0.039412929191324775,0.02951413459822317,-0.0055538864884031,0.07835468490168783,0.012049298000490543,-0.004977383904175405,-0.03922838716408779,-0.1371351885855156,0.053032979334606344,0.011547996716832492
35,0.17410763856386585,-0.08974954091307322,-0.10464341421406373,-0.115658425154279,-0.007036535013680875,0.015367406362376783,-0.05775324176160548,0.11971714078303039,-0.007752598455869776,-0.001068845437067302,-0.17241229643477826,0.03668261208507434,-0.03064943535236986,-0.06307439184777477,-0.016105901803368437,-0.01571240558395987,0.048594430184800155,0.088613475642588,0.028552485342958133,0.004184129214961195,0.016106246205414336,0.19496067011031754,0.06132114436989809,0.106797158577854,-0.034808578471345455,-0.0972270220235531,0.07462944923548873,-0.03939969210146195,-0.11639712656201072,-0.06439588181858924,-0.021948664896104454,-0.05646505001332437,0.08525668568683947,-0.19644317513643447,-0.04293309831925315,-0.039609783862394464,-0.09630427079188239,-0.08967219119286257,0.06892024072854783,-0.5026417607379854,-0.3129233106568596,0.025460131834437034,0.0885094973661557,-0.17958184822108658,-0.15032620428808174,0.293891873160164,-0.12987852092806554,-0.37123200533402023,-0.1629917056025789,0.1621870908147316
36,0.1630670418588016,-0.12259579090814698,-0.1093394661390842,0.06341580168639721,-0.08952087004327496,-0.03752275545434231,-0.11868189084242209,-0.04861871165187317,0.11794799208959873,0.1290603058577991,-0.1836358679593747,0.0005635461454045551,-0.09095725029959768,-0.22276705467438465,-0.05983486021824158,0.1499204116608295,0.06614838325708855,0.12389702238376678,-0.044380125397576214,0.19450257569288157,-0.16615580676493902,0.01222810735389002,0.03791688338886973,-0.13903010743028194,0.08794399807926856,0.0020654132823230958,-0.08251840703314062,0.07964269086222651,0.11080018244971146,0.05519695027894501,-0.013684216852389528,-0.07015935863723022,-0.032167218934541955,0.12092170671276412,-0.11803337430912005,-0.027518799721544456,0.41956613624466155,-0.22042531711537047,0.1794779894113208,0.02164648538191914,-0.00960750349703348,0.18984989829046658,0.2681082182475052,-0.11652612501499966,-0.2661432239526015,-0.013662419111372264,-0.17250087099505756,0.24488884568943228,0.08887500004221786,-0.2025362510486828
37,0.17288187036023656,0.09310667781659393,-0.11970856225108886,-0.07006592568069997,0.04737828079255005,0.01087438738381003,-0.026747250584949155,-0.041588685077531044,-0.0665547112477297,-0.08229620104121202,0.01340523757599147,-0.06336789544509862,-0.19207018805341255,-0.00783073937882917,0.0239499875547566,0.08725788151463544,-0.16295865666219214,0.0018619688805245182,0.12549817406042205,0.058425355498575055,-0.009320202797479766,0.0031705601088154005,0.09810977611048213,-0.08401622139058897,0.03405009945550896,0.029377458651531886,0.047582275072668316,0.10943247177271394,0.1206798923732001,0.13007999159472514,-0.005906945162201163,-0.03299668646844141,0.12714302635328883,-0.09958683717551818,-0.05952516401982453,0.048976416535984967,-0.13229109888944776,0.5684567676984998,0.48594859837901966,-0.21324384275594085,0.1762881111461368,0.15905318014972158,-0.055094458825776,0.034076105208971086,-0.06329555291647461,-0.1729028828223272,0.09956937817129656,0.0210792585484973,0.07350145717478215,-0.03102338572376993
38,-0.11445397925129364,-0.22301505360507992,0.10650263063992216,-0.006099695894935817,0.13556405043678732,-0.11304567348278562,0.08607024161145901,0.10711536303253173,-0.06448585554023761,0.06573884269518011,0.03326365107103798,-0.055280898494748876,-0.02905945413052802,0.0949823955218648,0.2346170751876005,-0.04643202804473021,-0.1462804078248855,0.13965613928938644,0.04778754873294965,0.053512781996699524,0.1580701526947601,0.42485115523754025,0.1382384364277319,0.25590741771615616,-0.0657333464139514,0.2666311373674759,-0.13758008314477377,-0.11253862696417277,-0.1358632684772759,0.14164395971186297,0.12688148143639777,-0.285690537272049,0.028266475339114288,0.0021862504534568366,-0.11229312540164038,0.18037763326325806,0.25805934593697544,-0.0027484899269529166,0.042436855663753915,0.019726546037301645,0.008794798928890022,0.07760977271091744,-0.21632864294033233,-0.08379267835356796,0.07691270960495866,0.038933710664574885,0.01597770652329208,0.12831630818409645,0.12243336779462685,0.05342681517989242
39,0.12146783448847064,-0.20156831671633857,0.14730236908116826,0.05354845552134234,0.06386761134540861,0.14190892946941774,0.009361791573559255,0.05073755082700023,-0.2136199016721702,0.032507057017710325,0.188016864923461,0.0191988801796639,0.10888039261783186,0.031160336846147572,0.01788323713540745,0.09026149750691947,-0.08921317661668196,0.09809698820850218,-0.1584862881253066,0.07690904682795861,-0.01019474978954989,0.12879872362112815,-0.13018676725512054,-0.15239955353491594,0.061354122570269815,-0.10915781222901012,0.12385574798237066,0.00987693368257936,-0.1445579760528794,0.0757638070045748,0.06478276507284733,0.047691052275039794,0.006720068749841199,0.016408031363343175,-0.0884069848789409,-0.019165255507945674,0.05013147927556848,0.14904844389347988,0.09392613698992469,0.1838433414440632,0.006877321150558144,-0.41863192383729514,-0.04605231324012708,0.08923429316580479,-0.20577763915608083,0.10249624384842904,-0.19503184798027295,-0.32647348692418326,0.16528457954210876,-0.36570436313247046
40,0.16498727898845614,-0.08111814530033787,0.10885476872057832,0.06317808641728796,0.13145695193067697,-0.03649459266914525,-0.05572619722675513,-0.16278205798618425,-0.024621764957817798,-0.41781907806427104,0.08703268018858312,0.09502279013782398,0.12182785797844824,-0.21816636673403025,0.1055701710241388,-0.3903069463777709,-0.08604673101317072,0.18285848685357053,0.17430078010564481,0.22007348898123016,0.059474934397331404,-0.2145103952988707,-0.05238509705904344,-0.12972313675545682,-0.23166304372457433,0.0897243989921422,-0.0026490007154183278,-0.020491850407863357,-0.029538316614651967,0.11306685853281963,-0.03821002894570232,-0.07325348532327493,-0.12699129517810903,0.31044783958093053,-0.01685918481715589,-0.15955132291720167,0.0005336639848618426,0.06708748044233921,-0.05145343709866887,-0.04190699647003189,-0.06758324624770065,0.13977564542166254,-0.03866689075042951,0.0444655928975029,-0.005419466854401772,0.18947919028304275,-0.023707063013824744,-0.02264871806754808,-0.0159037660529469,0.03228690197951125
41,-0.06338495385567915,-0.17136222729109266,-0.266162698363516,0.1323316063117894,-0.29430685688647285,-0.0046100376295814096,0.15144522450548906,0.03930364794896842,-0.16118204713661577,-0.11777408891064851,-0.06104604444151692,-0.08644725688198525,0.05954998274474992,-0.1899095224252396,-0.06811646778629823,-0.05391231103897332,-0.08900039580521008,-0.019275231462971693,0.0036368852767578973,-0.06015990609591999,0.3299496835073982,-0.07471725198429377,0.2532211601464519,0.01556604156456799,-0.10517651257479034,0.027913251659910647,0.06350104745047394,0.09645554627618678,0.06316715241923208,-0.07023573504578784,-0.08717206597432102,-0.018630720615957663,0.03418156631165525,-0.24139478738224032,0.035806503182460946,-0.2096586391274564,0.20096016065282163,-0.09385893026877316,-0.0016860983266052277,0.2094620137431175,0.1768597367442284,0.058138340410561345,-0.023439461538665836,0.10602206213135751,-0.17899304009246284,-0.051886324691897835,0.15967093686026626,-0.2804747625185652,0.16334961857638208,0.16241210241905815
42,0.15133702911152005,-0.03615626429006483,-0.2190143136887997,-0.02492071329769254,-0.18296105186648376,0.04615024679107064,-0.11356457511838455,-0.0942314156132511,0.07298072392736966,0.12666090887382697,0.18918138111166907,-0.03564855994207781,0.1746423240590885,-0.02345524534739743,0.20114040235117833,-0.018091982332707326,0.07209724322046901,0.15144071084511043,0.08987581633941367,-0.07280406721901742,-0.17874551225322383,-0.11859121672614475,-0.03561753907238195,0.09322107980318392,-0.12784584874330115,0.060812844468930434,0.037099246502520784,0.06072056235857569,0.0299998501448381,-0.05935906299138555,0.19517152811751984,0.20517269754897144,-0.30089323534586493,-0.09900292763281258,-0.2900552875004414,0.38435723152845486,0.15296877933117833,0.08074444998075574,0.0031895641857287676,0.06013384493810273,-0.23408059454020128,0.05466385623218231,0.02113336125990179,0.10732810739001865,0.14415085992505525,-0.13534032796595832,0.10246153574486108,-0.19904059404084404,0.027273920078949913,0.08310069106163886
43,-0.0947295220938484,-0.04155379649751259,-0.2786459853741682,0.051847229588233484,-0.03280928523509154,-0.3780845940198113,-0.2616020012912203,0.08296770969147818,-0.21542532495947042,-0.18902375835266125,0.1370396742586486,0.4884428702544808,-0.051795991939420694,0.1842844252252284,0.01835353043984313,0.02278866071952477,-0.03992607532941026,0.13040323433678844,0.10593908789843776,-0.06025199751776507,-0.007375560616334605,0.0014509491723660659,-0.08763419560142825,-0.11829004854644445,0.12015217830023009,-0.03045955581767387,-0.04839979429806636,-0.06460144042170492,0.04911314652670898,-0.1834085086157432,0.25001685283619507,0.09855108195523071,0.2868381105548338,0.00832053504216327,0.018790887339212924,0.05738225055424363,0.08835728149442168,-0.06133120852473012,0.008180024718853466,0.010981712354464209,0.08834711712170588,-0.017218363397191218,-0.01876261447644555,0.06297951871267995,-0.02782980658230385,0.030759218581100763,-0.0592021123218897,0.04194098268303722,-0.09353846000736206,0.037359749614571516
44,0.05207455163929857,-0.1102152410755555,0.2625394929334931,0.32758269051652994,-0.24788222618249675,-0.2339424849739598,0.1909045024551152,-0.1377035672804459,-0.004051130487042329,-0.1762358330580661,-0.1385524584135347,-0.14044837527304227,-0.3447543311132592,0.0882310077552397,0.24682233450856655,-0.11694878866273822,0.3499550252966997,0.16407334057316328,0.055414715706233804,-0.16624807910126913,-0.22195340976532885,0.05259594298219713,-0.07988969409300567,-0.048312388972026055,0.020060305179132612,-0.17850920955285207,0.08741296109826255,-0.1409987083101662,0.09802582394362976,0.006287305050931099,-0.1182199128479439,-0.06258242892815856,0.07735251344479037,-0.08987386805278677,-0.03738315601505269,0.06643256540373785,-0.01713209056744371,0.009884847382319845,0.0086022863008745,0.01987267516335914,0.02463097628303095,-0.032745445220560686,-0.07032615735712262,0.013486234056586235,-0.008057002237751399,-0.052255646557612924,0.03543196266512113,-0.07365003250703127,-0.0040440567656358185,-0.02967939275819683
45,0.17412734965371915,0.021214628109934658,-0.044430380503297194,0.26590367335237997,0.03529491105941765,0.09919680122108446,0.06849727857785988,-0.0719865033882327,-0.019558604184536886,-0.027985963035879947,0.19056477891236728,0.09274357613895921,0.23345487282118804,0.17242211129478757,-0.06406503702841282,-0.05135994540694214,0.17732390750687357,-0.22358384317525265,-0.0846698360095261,0.15798353068865975,-0.0517851183115795,0.2502803631930502,0.0848615534055118,-0.08684071050853719,0.11173849358356326,-0.15809918216752392,-0.07560299806968487,-0.12244901028781226,0.1495836089398437,-0.18166822207911512,0.09381529197301716,-0.04518189483257445,-0.09850000464901729,0.17044240097396765,-0.08224211003208842,-0.09348475198607496,-0.1269048759050037,-0.07750713528010986,0.07157797726870187,-0.1262906491737765,-0.01845638717553573,0.0583234320985998,-0.09445770678532163,-0.15105423439702045,-0.06910059208486477,-0.1459290003459537,0.03095284060849813,0.013862092677566598,0.4143146335338121,0.297823233507611
46,0.12925695093453976,0.1568560597317356,-0.14786938042258493,0.2626165431190188,0.10424306454812282,-0.00849119080293824,0.014095945993669963,0.10780836735880496,-0.1800022394296867,-0.042558888633371976,-0.030178013834832172,-0.2177049034887876,0.026951146113555088,-0.05832650197626648,0.08534270057253955,-0.23773840461305626,0.04952451378591319,0.009815176543152275,-0.038566486569896134,-0.2006550974915911,0.14963695577201488,0.12923856383825286,0.04450431351356193,0.12166638133015412,0.4555781521769179,0.24831994342345196,-0.06738095113545246,0.0867038594616419,-0.19129499903746489,-0.08497030955618273,-0.11852138248815389,0.17615002320450898,-0.004396738716825476,0.2601973052453394,-0.054075220598618294,0.12670774101782784,-0.1040096142165659,-0.0004497143503080994,-0.026368342806998468,-0.02698212640680723,-0.013871998521412307,0.06567009793480552,0.2258481799291873,0.16914393982656234,-0.13713123383543202,-0.03607621873574126,-0.006061095525335145,0.0056465718021169965,-0.11069748579807989,-0.0938883168483582
47,0.1715676144340617,0.09664771009352242,-0.09428324946960105,-0.10695031719730459,0.024844115605991302,-0.06975796507342075,0.05508617959097077,0.10950880474674629,0.061002745307300564,0.026767366231929966,-0.20809662701103468,0.018472674043084447,-0.1389458930425797,0.049179811671334894,0.029644732645899383,0.024221113275388197,0.012544902623754864,0.08384127023813502,0.04634914120747749,-0.2828884197033996,0.16959865485982217,0.20509818750329958,-0.06920083972288758,0.0949136380518827,-0.07429765630411343,-0.2074017843424008,-0.08727756436191877,0.022730166503809025,0.15341533813024566,-0.03600196731967483,0.22000377532139578,0.17982336376016655,-0.35601023533239157,0.1698972837679352,0.21212354282348797,-0.33413443328871306,0.08739859361773264,0.034234696102786934,0.1282739369695824,0.03209404035393548,-0.1332578214306376,0.05424302008330836,-0.20581444231319085,0.23435238255029472,0.10375141480622256,0.09782527147844218,-0.049176127792602664,0.03576295597328909,0.10409525316798407,-0.14660193835953114
48,0.15737721692367845,0.028247546689007152,0.21457055378944045,-0.030122051963971667,-0.027847863353374556,-0.08597247096864037,0.032519656097056614,0.11418651949878733,-0.18560739731948933,0.06194243227299276,0.02170704508986109,-0.051906520234485935,-0.11510370077091611,-0.06861640577124765,-0.25704071068222234,0.06609323903216452,-0.21150775563598911,0.04912828024716086,-0.046146511214346965,-0.12020606713628638,0.10157598387551398,-0.11455357743930918,0.06010939958490149,-0.1517125520495865,0.20476928202511266,0.014233562091753905,0.004066807772624024,-0.0803186401626729,0.32624667851861167,0.26746253434350603,-0.06381632206362496,0.047185164622249504,0.04104019345953338,0.08447576814339237,-0.2654969336140444,0.12288947208218694,0.0045543497976398666,-0.1804008413783754,0.009561797960657745,0.002264961868578237,-0.021677068122400032,0.041010067192232935,-0.018440431276926593,0.09013186253075904,0.3681829252719929,0.09772785180953733,-0.2379472367218305,-0.12727828847111458,0.07932963544558189,0.2584485914821916
49,0.09733295750983655,0.15394843728332244,0.2040739438545804,0.020985414831022797,-0.17985737280018277,-0.29673938941921385,0.12194742398416505,-0.23563706979920995,-0.28629212065896353,0.045114334465251066,-0.14355084566835624,-0.13016687608786895,0.38461640018319343,-0.04410261525737552,-0.26418011245698747,0.16708909976757047,-0.2517501381368706,0.2348314479696219,0.023881853786640404,-0.007090484910167829,-0.23784435636920345,0.030122895429172226,0.04294135882806986,0.20754749745810352,-0.06484410747556872,-0.02115618256420106,-0.1549114319079586,-0.031676796034425275,0.0027725158639454314,-0.16351740334104764,0.08391258072165272,-0.04514245285797462,0.005293258070561028,0.06628236484464567,0.19784518222670913,0.0694449918172333,-0.055124392929849074,0.08002448190684011,-0.014154706701952452,-0.02847791124323192,0.0076068053282454685,0.0023358239580161594,0.03569813956818847,-0.02663995695229207,-0.09034769083708907,0.03313851910308576,0.08208366162375486,0.0057201976759867325,-0.01960928719543383,-0.0219872289405858
